day,timeline_frames,top10_peak_average,top10_peak_frame_count,raw_peak_count,mean_count,median_count,top10_peak_index,mean_index,median_index,raw_peak_time,analyzed_window,report
1,151,246.5,10,277.2,200.6,218.0,9.55,7.77,8.44,00:27:21,00:20:00 to 01:09:19,outputs/protesta_1/7iWYPS0VnmM_protesta-kund-r-nd-rtimeve-n-zonat-e-mbrojtura-qytetar-t-protest-n-tiran_00h20m00s-01h09m19s_cand1000_min100p0_scenes/scene_report.md
2,343,769.4,10,942.1,349.4,344.0,29.79,13.53,13.32,01:05:20,00:20:00 to 02:03:14,outputs/protesta_2/HgwJQHTpqbA_shqip-ria-nuk-sht-n-shitje-protest-masive-n-tiran-mij-ra-qytetar-n-shesh_00h20m00s-02h03m14s_cand1000_min100p0_scenes/scene_report.md
3,518,1013.2,10,1103.7,511.1,494.4,39.23,19.79,19.14,01:30:47,00:20:00 to 02:48:55,outputs/protesta_3/B4BUo7TGDKg_protest-masive-para-kryeministris-p-r-zv-rnecin-qytetar-t-refuzojn-ftes-n-e-ram-_00h20m00s-02h48m55s_cand1000_min100p0_scenes/scene_report.md
4,578,863.8,10,967.9,410.0,382.7,33.45,15.88,14.82,01:02:33,00:20:00 to 02:48:07,outputs/protesta_4/6rhPy-NtHCI_dita-e-kater-protest-masive-tirana-ndizet-nga-revolta-qytetar-t-thirrje-ram-s-do_00h20m00s-02h48m07s_cand1000_min100p0_scenes/scene_report.md
5,680,489.7,10,533.9,283.8,280.9,18.96,10.99,10.88,01:24:36,00:20:00 to 03:04:05,outputs/protesta_5/IARahhOcEW0_mij-ra-qytetar-para-kryeministris-protesta-e-5-qytetare-kund-r-nd-rtimeve-n-zv-r_00h20m00s-03h04m05s_cand1000_min100p0_scenes/scene_report.md
6,876,598.2,10,702.8,221.1,196.4,23.16,8.56,7.60,00:47:58,00:20:00 to 04:42:50,outputs/protesta_6/RbL8QeQgC64_dita-6-nuk-ndalet-revolta-n-tiran-protestuesit-shtojn-presionin-rama-t-dor-hiqet_00h20m00s-04h42m50s_cand1000_min100p0_scenes/scene_report.md
7,1209,2582.5,10,2836.8,839.3,454.1,100.00,32.50,17.58,02:56:39,00:20:00 to 06:10:23,outputs/protesta_7/eH4ASg9Cj-w_dita-e-7-o-sot-o-kurr-shqiptar-t-n-revolt-kjo-protesta-m-e-madhe-kund-r-ram-s_00h20m00s-06h10m23s_cand1000_min100p0_scenes/scene_report.md
8,911,795.0,10,882.5,336.1,318.5,30.78,13.01,12.33,01:30:53,00:20:00 to 04:51:30,outputs/protesta_8/OEqXXc7wUws_sot-protesta-e-8-n-tiran-thirrja-e-fort-shqip-ria-nuk-shitet-rama-t-jap-dor-heqj_00h20m00s-04h51m30s_cand1000_min100p0_scenes/scene_report.md
9,922,1992.3,10,2307.3,448.4,232.2,77.14,17.36,8.99,01:23:03,00:20:00 to 05:12:00,outputs/protesta_9/zKsG2o2PtEs_dita-e-9-o-sot-o-kurr-shqiptar-t-n-revolt-kjo-protesta-m-e-madhe-kund-r-ram-s_00h20m00s-05h12m00s_cand1000_min100p0_scenes/scene_report.md
10,955,740.7,10,809.0,280.7,223.2,28.68,10.87,8.64,01:23:04,00:20:00 to 05:21:30,outputs/protesta_10/o8xp54iwbz8_dita-e-10-o-sot-o-kurr-shqiptar-t-n-revolt-kjo-protesta-m-e-madhe-kund-r-qeveris_00h20m00s-05h21m30s_cand1000_min100p0_scenes/scene_report.md
11,1141,1473.7,10,1631.7,411.9,284.7,57.07,15.95,11.02,01:48:58,00:20:00 to 05:37:53,outputs/protesta_11/rpm0vMWn1Aw_dita-e-11-e-revoltave-kund-r-ram-s-ndizet-tirana-tubim-mbar-komb-tar-n-kryeqytet_00h20m00s-05h37m53s_cand1000_min100p0_scenes/scene_report.md
12,1003,1388.7,10,1543.5,332.3,226.1,53.77,12.87,8.76,02:08:56,00:20:00 to 05:32:57,outputs/protesta_12/sUsIy-gGcI0_o-sot-o-kurr-dita-12-e-protest-s-komb-tare_00h20m00s-05h32m57s_cand1000_min100p0_scenes/scene_report.md
13,945,1484.9,10,1531.1,359.1,224.3,57.50,13.91,8.69,02:15:35,00:20:00 to 05:16:20,outputs/protesta_13/tKIm67wi4RM_13-t-dit-revolt-mij-ra-qytetar-k-rkojn-dor-heqjen-e-ram-s_00h20m00s-05h16m20s_cand1000_min100p0_scenes/scene_report.md
14,1009,895.0,10,1024.5,272.6,245.6,34.66,10.56,9.51,01:46:55,00:20:00 to 05:29:05,outputs/protesta_14/Zw_MkCa2UiY_dita-e-14-protest-historike-n-tiran-p-r-largimin-e-ram-s-pjes-marrje-rekord_00h20m00s-05h29m05s_cand1000_min100p0_scenes/scene_report.md
15,1322,1155.7,10,1319.8,255.0,216.6,44.75,9.87,8.39,02:24:38,00:20:00 to 07:23:55,outputs/protesta_15/aEeytnfjc-k_p-rshkall-zohet-revolta-qytetar-t-marshojn-nga-tirana-p-r-n-aeroportin-e-rinasit_00h20m00s-07h23m55s_cand1000_min100p0_scenes/scene_report.md
16,981,632.5,10,1038.3,198.8,178.7,24.49,7.70,6.92,01:28:34,00:20:00 to 05:30:45,outputs/protesta_16/Ad8-oEU4B-k_protesta-e-16-t-n-tiran-shqiptar-t-n-revolt-kund-r-ram-s-jep-dor-heqje_00h20m00s-05h30m45s_cand1000_min100p0_scenes/scene_report.md
17,894,510.0,10,595.7,240.7,217.2,19.75,9.32,8.41,02:13:09,00:20:00 to 05:02:55,outputs/protesta_17/u0W2FifJEhI_live-protesta-e-17-t-n-tiran-shqiptar-t-n-revolt-kund-r-ram-s-jep-dor-heqje_00h20m00s-05h02m55s_cand1000_min100p0_scenes/scene_report.md
18,776,558.5,10,957.8,209.3,197.9,21.63,8.10,7.66,01:45:30,00:20:00 to 04:23:10,outputs/protesta_18/iK8Q6_ylPPk_rrug-t-plot-me-qytetar-protesta-e-18-t-p-r-largimin-e-edi-ram-s_00h20m00s-04h23m10s_cand1000_min100p0_scenes/scene_report.md
19,770,466.6,10,518.4,206.4,191.8,18.07,7.99,7.43,01:15:58,00:20:00 to 04:18:44,outputs/protesta_19/7qY8tX7_VpM_shqiptar-t-nuk-heqin-dor-dita-e-19-e-revolt-s-protestuesit-k-rkojn-dor-heqjen-e-_00h20m00s-04h18m44s_cand1000_min100p0_scenes/scene_report.md
20,816,417.8,10,434.9,220.9,214.6,16.18,8.55,8.31,01:25:11,00:20:00 to 04:32:05,outputs/protesta_20/KNX_sy-1GD0_tirana-n-revolt-protesta-e-20-t-qytetare-rama-jepe-dor-heqjen_00h20m00s-04h32m05s_cand1000_min100p0_scenes/scene_report.md
21,2106,1099.5,10,1247.1,213.7,173.4,42.57,8.27,6.71,02:32:12,00:20:00 to 11:55:00,outputs/protesta_21/LDYTp4i8PEY_mbi-250-mij-shqiptar-rrethojn-kryeministrin-kalojn-nat-n-jasht-ultimatum-ram-s-d_00h20m00s-11h55m00s_cand1000_min100p0_scenes/scene_report.md
22,1277,387.1,10,407.6,219.0,214.1,14.99,8.48,8.29,03:31:52,00:20:00 to 07:10:48,outputs/protesta_22/vfPgNSgL054_3-jav-revolt-shqiptar-t-masivisht-edhe-n-protest-n-e-22-t-radhazi-p-r-dor-heqjen_00h20m00s-07h10m48s_cand1000_min100p0_scenes/scene_report.md
23,775,400.5,10,487.1,202.6,193.9,15.51,7.85,7.51,02:44:36,00:20:00 to 04:29:07,outputs/protesta_23/92EfnnD9MHo_mbi-tre-jav-revolt-protesta-e-23-t-masive-k-rkohet-dor-heqja-pa-kushte-e-ram-s_00h20m00s-04h29m07s_cand1000_min100p0_scenes/scene_report.md
24,778,348.4,10,367.3,196.2,197.6,13.49,7.60,7.65,02:42:08,00:20:00 to 04:32:21,outputs/protesta_24/cRHVNDIJuq0_24-dit-revolt-qytetar-t-k-rkojn-dor-heqjen-e-panegociueshme-t-ram-s-spak-arresto_00h20m00s-04h32m21s_cand1000_min100p0_scenes/scene_report.md
25,619,284.5,10,309.5,176.0,173.9,11.02,6.82,6.73,01:51:26,00:20:00 to 03:38:55,outputs/protesta_25/KYS-Ln89w-c_rama-jepe-dor-heqjen-rreth-nj-muaj-sheshi-plot-mbahet-protesta-e-25-t-qytetare_00h20m00s-03h38m55s_cand1000_min100p0_scenes/scene_report.md
26,838,381.0,10,432.1,208.1,197.7,14.75,8.06,7.66,03:06:11,00:20:00 to 04:48:06,outputs/protesta_26/okiM_gxThDk_dita-e-26-t-e-revolt-s-qytetar-t-n-shesh-k-rkojn-dor-heqje-t-pa-negociueshme-t-e_00h20m00s-04h48m06s_cand1000_min100p0_scenes/scene_report.md
27,659,328.9,10,355.7,193.3,193.0,12.74,7.48,7.47,03:30:10,00:20:00 to 03:58:42,outputs/protesta_27/JaJsOgGSLXY_27-dit-revolt-protesta-e-radh-s-para-kryeministris-qytetar-t-k-rkojn-dor-heqjen-_00h20m00s-03h58m42s_cand1000_min100p0_scenes/scene_report.md
28,764,438.4,10,584.4,202.1,194.6,16.98,7.83,7.54,02:48:17,00:20:00 to 04:23:15,outputs/protesta_28/1keRQvt05cQ_rama-jepe-dor-heqjen-protesta-e-28-t-komb-tare-ndizet-sheshi-para-kryeministris_00h20m00s-04h23m15s_cand1000_min100p0_scenes/scene_report.md
29,692,359.6,10,419.2,181.4,178.7,13.92,7.02,6.92,02:41:59,00:20:00 to 03:58:41,outputs/protesta_29/M9s2hDUHyMk_dita-e-29-t-e-revolt-s-nuk-ikim-nga-sheshi-pa-larguar-ram-n-protestuesit-me-para_00h20m00s-03h58m41s_cand1000_min100p0_scenes/scene_report.md
30,710,488.9,10,587.7,196.5,186.1,18.93,7.61,7.21,02:45:11,00:20:00 to 04:01:50,outputs/protesta_30/Hi8GIraUxSo_dita-e-30-t-e-revolt-s-s-qytetar-ve-protestuesit-nuk-ndalen-pushtojn-rrug-t-e-ti_00h20m00s-04h01m50s_cand1000_min100p0_scenes/scene_report.md
