day,date,video_id,published_peak_index,published_mean_index,published_median_index
1,2026-05-31,7iWYPS0VnmM,4.78,3.89,4.22
2,2026-06-01,HgwJQHTpqbA,14.90,6.77,6.66
3,2026-06-02,B4BUo7TGDKg,19.62,9.90,9.57
4,2026-06-03,6rhPy-NtHCI,16.73,7.94,7.41
5,2026-06-04,IARahhOcEW0,9.48,5.50,5.44
6,2026-06-05,RbL8QeQgC64,11.58,4.28,3.80
7,2026-06-06,eH4ASg9Cj-w,50.0,16.25,8.79
8,2026-06-07,OEqXXc7wUws,15.39,6.51,6.17
9,2026-06-08,zKsG2o2PtEs,38.57,8.68,4.50
10,2026-06-09,o8xp54iwbz8,14.34,5.44,4.32
11,2026-06-10,rpm0vMWn1Aw,28.54,7.98,5.51
12,2026-06-11,sUsIy-gGcI0,26.89,6.44,4.38
13,2026-06-12,tKIm67wi4RM,28.75,6.96,4.35
14,2026-06-13,Zw_MkCa2UiY,17.33,5.28,4.76
15,2026-06-14,aEeytnfjc-k,22.38,4.94,4.20
16,2026-06-15,Ad8-oEU4B-k,12.25,3.85,3.46
17,2026-06-16,u0W2FifJEhI,9.88,4.66,4.21
18,2026-06-17,iK8Q6_ylPPk,10.82,4.05,3.83
19,2026-06-18,7qY8tX7_VpM,9.04,4.00,3.72
20,2026-06-19,KNX_sy-1GD0,8.09,4.28,4.16
21,2026-06-20,LDYTp4i8PEY,100.0,19.43,15.76
22,2026-06-21,vfPgNSgL054,7.50,4.24,4.15
23,2026-06-22,92EfnnD9MHo,7.76,3.93,3.76
24,2026-06-23,cRHVNDIJuq0,6.75,3.80,3.83
25,2026-06-24,KYS-Ln89w-c,5.51,3.41,3.37
26,2026-06-25,okiM_gxThDk,7.38,4.03,3.83
27,2026-06-26,JaJsOgGSLXY,6.37,3.74,3.74
28,2026-06-27,1keRQvt05cQ,8.49,3.92,3.77
29,2026-06-28,M9s2hDUHyMk,6.96,3.51,3.46
30,2026-06-29,Hi8GIraUxSo,9.47,3.81,3.61
31,2026-06-30,eXqGp85o7uk,13.51,4.45,4.11
32,2026-07-01,CbddHOZPo3s,6.34,3.69,3.42
33,2026-07-02,Wq-5bgoNv8w,7.54,4.18,4.16
34,2026-07-03,lOz1SMino3Q,5.80,3.37,3.38
35,2026-07-04,LPBjPPJiU6w,60.0,12.84,10.55
36,2026-07-05,rTf-MJiVoBY,7.07,3.70,3.61
37,2026-07-06,I8u9NuBICTk,5.18,3.03,3.00
38,2026-07-07,lC9FOr2p6W4,4.76,2.92,2.82
39,2026-07-08,vlKZO72e2RE,7.78,3.53,3.32
40,2026-07-09,vkYnv02T3kc,9.20,3.28,3.13
41,2026-07-10,0FHgFaUsLWk,7.04,3.26,2.93
42,2026-07-11,6yp-zOIdO-E,10.62,3.93,3.59
43,2026-07-12,zAEyxwOQXhg,5.86,3.04,2.82
44,2026-07-13,oyzrkwHy93U,6.12,3.30,3.11
45,2026-07-14,B2BGh2Kiz0o,6.24,2.93,2.66
46,2026-07-15,S7m2IKaASO0,5.26,2.74,2.45
47,2026-07-16,zKO6lCXuxCI,6.25,3.41,3.37
48,2026-07-17,aq0rEsb69hA,6.47,2.94,2.83
49,2026-07-18,7fLa42rpud8,9.20,2.94,2.77
50,2026-07-19,qKOTTYDWadg,4.23,2.70,2.66
51,2026-07-20,baivC05O5xs,5.27,2.99,2.81
52,2026-07-21,8MeBoqs3Yhk,5.00,2.79,2.67
53,2026-07-22,29710sUIVdU,5.66,3.11,3.01
54,2026-07-23,xxG6yJ8Z0JI,6.04,3.17,3.11
55,2026-07-24,33F1BJsg-BM,6.40,3.34,3.09
56,2026-07-25,BCfuFy-sXW0,7.64,3.35,3.18
57,2026-07-26,sYLsq3E6jP8,5.20,3.06,3.04
58,2026-07-27,YRl9PvsjWFY,5.52,2.62,2.38
59,2026-07-28,vd-ViLr9I_w,4.72,2.88,2.86
60,2026-07-29,YYLb6Kedcxw,6.16,3.06,2.97
61,2026-07-30,OmGJWdl7cvM,4.32,2.44,2.30
62,2026-07-31,BFI628pGRdk,5.61,2.88,2.80
63,2026-08-01,yTWeDcffAx0,6.10,3.29,3.19
64,2026-08-02,nh4LON9uHcs,6.82,2.86,2.59
65,2026-08-03,ruo4KgfUFBY,7.04,3.07,2.94
66,2026-08-04,afwu1c4_Zns,5.17,2.45,2.19
67,2026-08-05,vfN1F1jkFQQ,5.17,2.52,2.29
68,2026-08-06,GEQaHIOJSps,3.57,2.80,2.76
69,2026-08-07,lxvRDQEWpX4,3.13,2.21,2.13
70,2026-08-08,YptXeh_mNLI,3.70,2.37,2.30
71,2026-08-09,OzlnNgK-_CY,2.88,2.33,2.19
72,2026-08-10,l5hpFvB8lCU,5.80,2.78,2.67
73,2026-08-11,BPaRrfbGvlI,4.26,2.75,2.74
74,2026-08-12,M9UOefJX8po,3.44,2.39,2.29
75,2026-08-13,b8w-zuVD6SU,5.59,2.69,2.58
76,2026-08-14,o38QqiZ9b18,6.17,2.97,2.52
77,2026-08-15,gf-m36CU1_o,5.54,3.21,2.68
78,2026-08-16,l7Nphe_e2uI,7.91,3.23,2.87
79,2026-08-17,LUSm9CYZj7c,4.50,2.47,2.34
80,2026-08-18,R9F_PD9ex0Q,6.46,2.85,2.66
81,2026-08-19,uO_AZJKr8Eg,5.55,2.63,2.36
82,2026-08-20,8mqIQ5OuYNA,4.16,2.54,2.35
83,2026-08-21,RARyOz5BHSw,4.06,2.45,2.35
84,2026-08-22,cLeqRvMn15U,4.03,2.32,2.19
85,2026-08-23,O9NG7tW3b4s,3.64,2.59,2.53
86,2026-08-24,YmaLOqDqekA,5.20,2.96,2.97
87,2026-08-25,XSvEwzaT_WY,4.20,2.58,2.56
88,2026-08-26,nhqOBCvhR4c,4.74,2.70,2.66
89,2026-08-27,jWKGGGYvqUg,4.01,2.42,2.32
90,2026-08-28,XnTVa50eNC0,3.53,2.46,2.44
91,2026-08-29,sBedodX4r1o,4.21,2.48,2.27
92,2026-08-30,c_4LpG6Q5rE,4.46,2.79,2.27
93,2026-08-31,gh4YWCWaUfI,3.43,2.42,2.20
94,2026-09-01,_RbgKeaFTts,4.39,2.96,2.66
95,2026-09-02,HbGqBIEstcs,4.90,2.69,2.64
96,2026-09-03,JqYOG7M5OS4,4.69,2.70,2.51
97,2026-09-04,2w3Hg9AqIg4,4.41,2.53,2.32
98,2026-09-05,JmBsr_-seiM,4.30,2.66,2.38
99,2026-09-06,6WSQsxDW7Kc,3.85,2.49,2.20
100,2026-09-07,ACKyhkokb3U,4.75,2.78,2.62
101,2026-09-08,ew08NLe6Mdc,6.20,3.45,2.97
102,2026-09-09,B1ByO6-xz2g,3.57,2.40,2.30
103,2026-09-10,mH7lBRp9Kxk,5.44,2.51,2.30
104,2026-09-11,CIlnLPdqEj8,4.59,2.64,2.38
105,2026-09-12,n23uXiSxtQE,10.80,4.20,3.96
106,2026-09-13,iomHIIf5yrE,4.08,2.77,2.71
107,2026-09-14,Uopuo1Iddao,4.65,2.71,2.61
108,2026-09-15,KXWNH_tQPAs,4.89,2.69,2.46
109,2026-09-16,xAE7lGjs8tQ,4.34,2.70,2.53
110,2026-09-17,73xeOPE5V6c,4.94,2.93,2.91
111,2026-09-18,j2azmin8WaM,3.65,2.40,2.28
112,2026-09-19,OPGmt5cfxow,4.59,2.58,2.36
113,2026-09-20,Os618Aq6Tmo,4.20,2.78,2.65
114,2026-09-21,HTOcZWpqD84,4.72,2.76,2.44
115,2026-09-22,R7pfbmQWTaY,3.26,2.30,2.22
116,2026-09-23,DVtvZ1USbD8,2.84,2.31,2.26
117,2026-09-24,qXPKhAjCJv8,3.28,2.36,2.26
118,2026-09-25,fjeTh-9vS5M,3.56,2.41,2.26
119,2026-09-26,diZnf2oQeqQ,3.53,2.32,2.17
